name,node_type,is_machine
C10614,computer,False
C16712,computer,False
C11227,computer,False
C25856,computer,False
C11667,computer,False
C743,computer,False
C1226,computer,False
C12267,computer,False
C12632,computer,False
C467,computer,False
C12941,computer,False
C5721,computer,False
C13470,computer,False
C13490,computer,False
C14394,computer,False
C14702,computer,False
C14967,computer,False
C15459,computer,False
C15549,computer,False
C16029,computer,False
C13283,computer,False
C13570,computer,False
C20261,computer,False
C20893,computer,False
C21112,computer,False
C24911,computer,False
C16756,computer,False
C1700,computer,False
C1843,computer,False
C185,computer,False
C1857,computer,False
C2128,computer,False
C24336,computer,False
C24474,computer,False
C2881,computer,False
C2882,computer,False
C3100,computer,False
C4814,computer,False
C8026,computer,False
C8492,computer,False
C962,computer,False
C1685,computer,False
C20473,computer,False
C9156,computer,False
C1707,computer,False
C6211,computer,False
C8677,computer,False
C17693,computer,False
C5074,computer,False
C1823,computer,False
C1971,computer,False
C2091,computer,False
C12839,computer,False
C2697,computer,False
C453,computer,False
C5030,computer,False
C10293,computer,False
C13140,computer,False
C17743,computer,False
C19499,computer,False
C20342,computer,False
C21185,computer,False
C21376,computer,False
C22132,computer,False
C22414,computer,False
C23067,computer,False
C23099,computer,False
C23918,computer,False
C24056,computer,False
C25561,computer,False
C11545,computer,False
C585,computer,False
C11122,computer,False
C586,computer,False
C13730,computer,False
C529,computer,False
C3841,computer,False
C1581,computer,False
C368,computer,False
C5720,computer,False
C1015,computer,False
C375,computer,False
C11727,computer,False
C22112,computer,False
C22751,computer,False
C9477,computer,False
C10,computer,False
C9079,computer,False
C1065,computer,False
C1508,computer,False
C10833,computer,False
C12133,computer,False
C457,computer,False
C13337,computer,False
C1906,computer,False
C17552,computer,False
C6001,computer,False
C4858,computer,False
C706,computer,False
C528,computer,False
C4067,computer,False
C545,computer,False
C1294,computer,False
C8308,computer,False
C1216,computer,False
C38,computer,False
C5061,computer,False
C7139,computer,False
C5089,computer,False
C3371,computer,False
C4116,computer,False
C4847,computer,False
C3935,computer,False
C3971,computer,False
C3469,computer,False
C128,computer,False
C24735,computer,False
C732,computer,False
C788,computer,False
C1592,computer,False
C23679,computer,False
C13340,computer,False
C5053,computer,False
C10865,computer,False
C5571,computer,False
C12166,computer,False
C3065,computer,False
C505,computer,False
C3173,computer,False
C9178,computer,False
C5782,computer,False
C5787,computer,False
C6157,computer,False
C2993,computer,False
C4576,computer,False
C13680,computer,False
C2519,computer,False
C2784,computer,False
C3468,computer,False
C721,computer,False
C5760,computer,False
C8810,computer,False
C3186,computer,False
C1205,computer,False
C15072,computer,False
C24449,computer,False
C2976,computer,False
C7363,computer,False
C3210,computer,False
C4174,computer,False
C9096,computer,False
C13791,computer,False
C194,computer,False
C14858,computer,False
C2588,computer,False
C15300,computer,False
C3503,computer,False
C100,computer,False
C1000,computer,False
C1001,computer,False
C10020,computer,False
C10024,computer,False
C10033,computer,False
C10047,computer,False
C10061,computer,False
C10136,computer,False
C10150,computer,False
C10167,computer,False
C1019,computer,False
C1020,computer,False
C10251,computer,False
C1027,computer,False
C10299,computer,False
C1032,computer,False
C10362,computer,False
C1037,computer,False
C1040,computer,False
C10412,computer,False
C1044,computer,False
C10451,computer,False
C10460,computer,False
C10480,computer,False
C10488,computer,False
C1051,computer,False
C10510,computer,False
C10559,computer,False
C10593,computer,False
C10609,computer,False
C10612,computer,False
C1062,computer,False
C10632,computer,False
C1389,computer,False
C14540,computer,False
C1070,computer,False
C10719,computer,False
C10764,computer,False
C10786,computer,False
C10846,computer,False
C10909,computer,False
C10955,computer,False
C10962,computer,False
C10966,computer,False
C10974,computer,False
C10988,computer,False
C11001,computer,False
C1101,computer,False
C11035,computer,False
C1104,computer,False
C11049,computer,False
C11065,computer,False
C11088,computer,False
C11116,computer,False
C1116,computer,False
C112,computer,False
C11208,computer,False
C11246,computer,False
C11290,computer,False
C1136,computer,False
C11392,computer,False
C11398,computer,False
C11421,computer,False
C11424,computer,False
C11449,computer,False
C11459,computer,False
C11472,computer,False
C11481,computer,False
C11501,computer,False
C11609,computer,False
C11625,computer,False
C11679,computer,False
C117,computer,False
C11719,computer,False
C11741,computer,False
C11755,computer,False
C11770,computer,False
C1178,computer,False
C11858,computer,False
C11870,computer,False
C11881,computer,False
C11893,computer,False
C11948,computer,False
C11998,computer,False
C12,computer,False
C12002,computer,False
C1202,computer,False
C1207,computer,False
C1209,computer,False
C12116,computer,False
C12149,computer,False
C12170,computer,False
C1228,computer,False
C12371,computer,False
C12373,computer,False
C12430,computer,False
C12451,computer,False
C12453,computer,False
C12455,computer,False
C1246,computer,False
C1248,computer,False
C12484,computer,False
C12486,computer,False
C12500,computer,False
C12506,computer,False
C12531,computer,False
C12552,computer,False
C1256,computer,False
C12564,computer,False
C12590,computer,False
C12606,computer,False
C12620,computer,False
C12705,computer,False
C12753,computer,False
C12808,computer,False
C12852,computer,False
C12857,computer,False
C12864,computer,False
C12920,computer,False
C12927,computer,False
C12945,computer,False
C12960,computer,False
C13010,computer,False
C1304,computer,False
C13048,computer,False
C13053,computer,False
C13090,computer,False
C1310,computer,False
C13107,computer,False
C13119,computer,False
C1315,computer,False
C13188,computer,False
C13191,computer,False
C13199,computer,False
C13266,computer,False
C13268,computer,False
C13298,computer,False
C13309,computer,False
C13312,computer,False
C13318,computer,False
C13333,computer,False
C13358,computer,False
C13391,computer,False
C13418,computer,False
C13436,computer,False
C13521,computer,False
C13553,computer,False
C13585,computer,False
C13621,computer,False
C1364,computer,False
C13659,computer,False
C1368,computer,False
C13687,computer,False
C137,computer,False
C13715,computer,False
C13746,computer,False
C1375,computer,False
C13819,computer,False
C13825,computer,False
C13901,computer,False
C13903,computer,False
C13940,computer,False
C13983,computer,False
C13990,computer,False
C1403,computer,False
C14176,computer,False
C14206,computer,False
C14309,computer,False
C14317,computer,False
C14328,computer,False
C14447,computer,False
C14449,computer,False
C14474,computer,False
C145,computer,False
C14606,computer,False
C14619,computer,False
C14621,computer,False
C1467,computer,False
C14670,computer,False
C14687,computer,False
C2109,computer,False
C14775,computer,False
C14781,computer,False
C14818,computer,False
C14833,computer,False
C14862,computer,False
C14988,computer,False
C15,computer,False
C150,computer,False
C15032,computer,False
C15038,computer,False
C15156,computer,False
C15163,computer,False
C15378,computer,False
C15384,computer,False
C1539,computer,False
C1544,computer,False
C15441,computer,False
C15475,computer,False
C15518,computer,False
C1553,computer,False
C15602,computer,False
C15707,computer,False
C15744,computer,False
C15882,computer,False
C16206,computer,False
C16249,computer,False
C16262,computer,False
C16299,computer,False
C16383,computer,False
C16477,computer,False
C1650,computer,False
C16581,computer,False
C16585,computer,False
C16638,computer,False
C16656,computer,False
C16814,computer,False
C16869,computer,False
C16919,computer,False
C17137,computer,False
C17211,computer,False
C17235,computer,False
C17262,computer,False
C1734,computer,False
C17377,computer,False
C17400,computer,False
C1882,computer,False
C2047,computer,False
C2095,computer,False
C2161,computer,False
C218,computer,False
C2209,computer,False
C2263,computer,False
C2286,computer,False
C2300,computer,False
C235,computer,False
C2372,computer,False
C25072,computer,False
C2532,computer,False
C2536,computer,False
C256,computer,False
C2565,computer,False
C2602,computer,False
C2633,computer,False
C268,computer,False
C269,computer,False
C2724,computer,False
C285,computer,False
C289,computer,False
C2890,computer,False
C304,computer,False
C3112,computer,False
C317,computer,False
C3223,computer,False
C3279,computer,False
C333,computer,False
C3387,computer,False
C344,computer,False
C3461,computer,False
C349,computer,False
C3546,computer,False
C355,computer,False
C3660,computer,False
C3682,computer,False
C3784,computer,False
C381,computer,False
C3865,computer,False
C3890,computer,False
C390,computer,False
C412,computer,False
C420,computer,False
C454,computer,False
C471,computer,False
C4711,computer,False
C509,computer,False
C51,computer,False
C5208,computer,False
C7394,computer,False
C542,computer,False
C5552,computer,False
C56,computer,False
C10597,computer,False
C12792,computer,False
C575,computer,False
C5843,computer,False
C6077,computer,False
C617,computer,False
C6253,computer,False
C650,computer,False
C6515,computer,False
C6522,computer,False
C6783,computer,False
C683,computer,False
C6897,computer,False
C7000,computer,False
C7014,computer,False
C707,computer,False
C7085,computer,False
C7100,computer,False
C7121,computer,False
C730,computer,False
C7316,computer,False
C7516,computer,False
C7734,computer,False
C7767,computer,False
C7856,computer,False
C7884,computer,False
C7993,computer,False
C809,computer,False
C8100,computer,False
C816,computer,False
C819,computer,False
C8205,computer,False
C8257,computer,False
C829,computer,False
C8464,computer,False
C8515,computer,False
C8524,computer,False
C865,computer,False
C8659,computer,False
C867,computer,False
C8673,computer,False
C874,computer,False
C896,computer,False
C9020,computer,False
C9051,computer,False
C9107,computer,False
C914,computer,False
C9154,computer,False
C9238,computer,False
C9370,computer,False
C9448,computer,False
C947,computer,False
C9493,computer,False
C9617,computer,False
C9842,computer,False
C985,computer,False
C9902,computer,False
C9933,computer,False
C9945,computer,False
C8949,computer,False
C5963,computer,False
C6007,computer,False
C6012,computer,False
C6031,computer,False
C612,computer,False
C6123,computer,False
C6144,computer,False
C6169,computer,False
C6271,computer,False
C6298,computer,False
C6318,computer,False
C6385,computer,False
C6431,computer,False
C6449,computer,False
C6558,computer,False
C6589,computer,False
C6594,computer,False
C6602,computer,False
C6653,computer,False
C6693,computer,False
C670,computer,False
C6758,computer,False
C6832,computer,False
C686,computer,False
C6937,computer,False
C6961,computer,False
C6963,computer,False
C6986,computer,False
C7030,computer,False
C7054,computer,False
C11861,computer,False
C6415,computer,False
C7091,computer,False
C7131,computer,False
C7133,computer,False
C7188,computer,False
C7221,computer,False
C729,computer,False
C7350,computer,False
C7402,computer,False
C7407,computer,False
C7446,computer,False
C7462,computer,False
C751,computer,False
C7641,computer,False
C7647,computer,False
C7873,computer,False
C8007,computer,False
C8066,computer,False
C8073,computer,False
C8198,computer,False
C8295,computer,False
C8365,computer,False
C8448,computer,False
C8462,computer,False
C847,computer,False
C8589,computer,False
C8749,computer,False
C8804,computer,False
C8908,computer,False
C8910,computer,False
C8912,computer,False
C895,computer,False
C9028,computer,False
C9064,computer,False
C9114,computer,False
C9134,computer,False
C9161,computer,False
C9188,computer,False
C9258,computer,False
C9274,computer,False
C9295,computer,False
C9469,computer,False
C955,computer,False
C9585,computer,False
C9668,computer,False
C9704,computer,False
C9737,computer,False
C9739,computer,False
C9774,computer,False
C986,computer,False
C9919,computer,False
C12414,computer,False
C12539,computer,False
C16941,computer,False
C4559,computer,False
C6290,computer,False
C8715,computer,False
C9206,computer,False
C1962,computer,False
C16201,computer,False
C459,computer,False
C8047,computer,False
C12238,computer,False
C26787,computer,False
C4254,computer,False
C8694,computer,False
C7765,computer,False
C12247,computer,False
C11656,computer,False
C5763,computer,False
C2668,computer,False
C5698,computer,False
C11114,computer,False
C11573,computer,False
C5736,computer,False
C12030,computer,False
C5463,computer,False
C12159,computer,False
C13256,computer,False
C625,computer,False
C13685,computer,False
C1381,computer,False
C14278,computer,False
C24473,computer,False
C25544,computer,False
C600,computer,False
C5679,computer,False
C5455,computer,False
C8454,computer,False
C912,computer,False
C556,computer,False
C11350,computer,False
C2470,computer,False
C14519,computer,False
C660,computer,False
C13544,computer,False
C2008,computer,False
C2850,computer,False
C1814,computer,False
C11268,computer,False
C11537,computer,False
C1186,computer,False
C11194,computer,False
C11846,computer,False
C12228,computer,False
C13214,computer,False
C13665,computer,False
C2511,computer,False
C21673,computer,False
C26822,computer,False
C2058,computer,False
C6689,computer,False
C2758,computer,False
C3873,computer,False
C4479,computer,False
C8905,computer,False
C3802,computer,False
C1516,computer,False
C11176,computer,False
C13483,computer,False
C300,computer,False
C122,computer,False
C3268,computer,False
C17039,computer,False
C169,computer,False
C5478,computer,False
C1554,computer,False
C16341,computer,False
C24710,computer,False
C5730,computer,False
C11516,computer,False
C23411,computer,False
C6791,computer,False
C8802,computer,False
C1035,computer,False
C7272,computer,False
C13250,computer,False
C9256,computer,False
C9574,computer,False
C2026,computer,False
C26188,computer,False
C4481,computer,False
C8490,computer,False
C12129,computer,False
C22491,computer,False
C26468,computer,False
C14746,computer,False
C15914,computer,False
C4377,computer,False
C875,computer,False
C14229,computer,False
C6493,computer,False
C4655,computer,False
C17475,computer,False
C1156,computer,False
C12866,computer,False
C6075,computer,False
C6339,computer,False
C6460,computer,False
C9711,computer,False
C890,computer,False
C4920,computer,False
C22069,computer,False
C3122,computer,False
C16653,computer,False
C22400,computer,False
C16543,computer,False
C16637,computer,False
C6705,computer,False
C9976,computer,False
C3990,computer,False
C10237,computer,False
C484,computer,False
C7677,computer,False
C11833,computer,False
C7962,computer,False
C14258,computer,False
C10921,computer,False
C8479,computer,False
C12482,computer,False
C23772,computer,False
C14402,computer,False
C14700,computer,False
C14928,computer,False
C1840,computer,False
C20101,computer,False
C11414,computer,False
C8956,computer,False
C9595,computer,False
C17459,computer,False
C3940,computer,False
C13275,computer,False
C14498,computer,False
C366,computer,False
C7061,computer,False
C11006,computer,False
C9230,computer,False
C8893,computer,False
C9558,computer,False
C23594,computer,False
C10466,computer,False
C1670,computer,False
C5139,computer,False
C11621,computer,False
C10867,computer,False
C127,computer,False
C15939,computer,False
C17047,computer,False
C3886,computer,False
C25298,computer,False
C7384,computer,False
C1973,computer,False
C846,computer,False
C2131,computer,False
C3424,computer,False
C4983,computer,False
C12141,computer,False
C1543,computer,False
C15688,computer,False
C12724,computer,False
C5927,computer,False
C1392,computer,False
C2912,computer,False
C3586,computer,False
C9597,computer,False
C9416,computer,False
C9544,computer,False
C11110,computer,False
C10709,computer,False
C10058,computer,False
C10892,computer,False
C14713,computer,False
C17016,computer,False
C1754,computer,False
C23306,computer,False
C3427,computer,False
C6849,computer,False
C6983,computer,False
C3116,computer,False
C10326,computer,False
C24448,computer,False
C13849,computer,False
C6161,computer,False
C8084,computer,False
C9818,computer,False
C1222,computer,False
C14530,computer,False
C3828,computer,False
C12367,computer,False
C1041,computer,False
C11103,computer,False
C14001,computer,False
C14789,computer,False
C14792,computer,False
C15160,computer,False
C15303,computer,False
C10527,computer,False
C360,computer,False
C5306,computer,False
C6062,computer,False
C7052,computer,False
C8926,computer,False
C2270,computer,False
C11775,computer,False
C4081,computer,False
C608,computer,False
C24447,computer,False
C12006,computer,False
C7513,computer,False
C14615,computer,False
C4929,computer,False
C10927,computer,False
C17644,computer,False
C1107,computer,False
C3871,computer,False
C23147,computer,False
C4131,computer,False
C16277,computer,False
C12716,computer,False
C12892,computer,False
C14000,computer,False
C436,computer,False
C8211,computer,False
C6487,computer,False
C64,computer,False
C11147,computer,False
C11973,computer,False
C5269,computer,False
C12794,computer,False
C13232,computer,False
C197,computer,False
C4299,computer,False
C3193,computer,False
C8032,computer,False
C13414,computer,False
C5638,computer,False
C11264,computer,False
C12618,computer,False
C4407,computer,False
C9916,computer,False
C3198,computer,False
C2232,computer,False
C10089,computer,False
C1173,computer,False
C1220,computer,False
C15020,computer,False
C25515,computer,False
C16926,computer,False
C25374,computer,False
C17375,computer,False
C109,computer,False
C5900,computer,False
C7997,computer,False
C10568,computer,False
C16678,computer,False
C11138,computer,False
C17735,computer,False
C13204,computer,False
C2056,computer,False
C25536,computer,False
C9467,computer,False
C9679,computer,False
C2420,computer,False
C8823,computer,False
C10131,computer,False
C10428,computer,False
C10484,computer,False
C10870,computer,False
C11165,computer,False
C11180,computer,False
C11813,computer,False
C12236,computer,False
C12613,computer,False
C12697,computer,False
C13152,computer,False
C14079,computer,False
C14837,computer,False
C15563,computer,False
C16234,computer,False
C17397,computer,False
C20472,computer,False
C11616,computer,False
C13892,computer,False
C1496,computer,False
C16794,computer,False
C27171,computer,False
C2823,computer,False
C2934,computer,False
C3684,computer,False
C3844,computer,False
C6526,computer,False
C6955,computer,False
C7296,computer,False
C7590,computer,False
C770,computer,False
C8126,computer,False
C8221,computer,False
C8553,computer,False
C8928,computer,False
C9587,computer,False
C9733,computer,False
C9780,computer,False
C9845,computer,False
C10512,computer,False
C7573,computer,False
C12063,computer,False
C1526,computer,False
C17001,computer,False
C13728,computer,False
C7083,computer,False
C415,computer,False
C1347,computer,False
C9192,computer,False
C9900,computer,False
C6546,computer,False
C9036,computer,False
C14706,computer,False
C13168,computer,False
C13717,computer,False
C13568,computer,False
C13976,computer,False
C14506,computer,False
C14514,computer,False
C16490,computer,False
C1730,computer,False
C3741,computer,False
C9195,computer,False
C14665,computer,False
C3859,computer,False
C262,computer,False
C3352,computer,False
C11267,computer,False
C202,computer,False
C13602,computer,False
C10026,computer,False
C13542,computer,False
C7630,computer,False
C9117,computer,False
C16903,computer,False
C3256,computer,False
C3156,computer,False
C1770,computer,False
C3959,computer,False
C12680,computer,False
C4176,computer,False
C7889,computer,False
C5513,computer,False
C5530,computer,False
C1185,computer,False
C2748,computer,False
C1411,computer,False
C1697,computer,False
C5590,computer,False
C15487,computer,False
C8939,computer,False
C16428,computer,False
C6093,computer,False
C8175,computer,False
C11327,computer,False
C2723,computer,False
C395,computer,False
C11225,computer,False
C1340,computer,False
C787,computer,False
C12071,computer,False
C12269,computer,False
C1507,computer,False
C17412,computer,False
C17477,computer,False
C4369,computer,False
C6453,computer,False
C15470,computer,False
C2851,computer,False
C4891,computer,False
C3471,computer,False
C5364,computer,False
C10083,computer,False
C10777,computer,False
C16272,computer,False
C11519,computer,False
C20593,computer,False
C23967,computer,False
C9897,computer,False
C10561,computer,False
C291,computer,False
C6175,computer,False
C13181,computer,False
C354,computer,False
C10010,computer,False
C1199,computer,False
C18590,computer,False
C3282,computer,False
C4285,computer,False
C6127,computer,False
C174,computer,False
C8299,computer,False
C8424,computer,False
C4468,computer,False
C2021,computer,False
C17277,computer,False
C10245,computer,False
C5474,computer,False
C3088,computer,False
C10841,computer,False
C11145,computer,False
C11716,computer,False
C13907,computer,False
C15272,computer,False
C3242,computer,False
C11285,computer,False
C14320,computer,False
C480,computer,False
C5301,computer,False
C7732,computer,False
C22442,computer,False
C359,computer,False
C8812,computer,False
C15405,computer,False
C2121,computer,False
C1336,computer,False
C7178,computer,False
C4797,computer,False
C10338,computer,False
C13239,computer,False
C11977,computer,False
C14848,computer,False
C15399,computer,False
C15403,computer,False
C16567,computer,False
C4135,computer,False
C21836,computer,False
C159,computer,False
C16741,computer,False
C14233,computer,False
C10160,computer,False
C13918,computer,False
C10045,computer,False
C10472,computer,False
C16955,computer,False
C17037,computer,False
C1968,computer,False
C6582,computer,False
C5746,computer,False
C940,computer,False
C14714,computer,False
C4157,computer,False
C11506,computer,False
C13378,computer,False
C13929,computer,False
C16097,computer,False
C19944,computer,False
C9276,computer,False
C95,computer,False
C2188,computer,False
C473,computer,False
C4986,computer,False
C13156,computer,False
C5424,computer,False
C7359,computer,False
C12702,computer,False
C14521,computer,False
C9373,computer,False
C12562,computer,False
C12802,computer,False
C12230,computer,False
C16518,computer,False
C1970,computer,False
C1056,computer,False
C379,computer,False
C11303,computer,False
C11325,computer,False
C11823,computer,False
C11908,computer,False
C12298,computer,False
C13117,computer,False
C13617,computer,False
C13916,computer,False
C13950,computer,False
C14517,computer,False
C24491,computer,False
C5582,computer,False
C4698,computer,False
C7314,computer,False
C8009,computer,False
C8645,computer,False
C17442,computer,False
C2035,computer,False
C22032,computer,False
C2957,computer,False
C843,computer,False
C18432,computer,False
C18741,computer,False
C18971,computer,False
C19050,computer,False
C19057,computer,False
C20242,computer,False
C20602,computer,False
C23058,computer,False
C26057,computer,False
C26059,computer,False
C6551,computer,False
C8472,computer,False
C9941,computer,False
C1069,computer,False
C10986,computer,False
C9954,computer,False
C11694,computer,False
C14816,computer,False
C388,computer,False
C2584,computer,False
C27048,computer,False
C4835,computer,False
C11270,computer,False
C10727,computer,False
C16875,computer,False
C16635,computer,False
C3627,computer,False
C2997,computer,False
C13044,computer,False
C17742,computer,False
C443,computer,False
C3774,computer,False
C17186,computer,False
C15311,computer,False
C6715,computer,False
C14938,computer,False
C5577,computer,False
C8266,computer,False
C5045,computer,False
C5396,computer,False
C5485,computer,False
C9550,computer,False
C15468,computer,False
C12333,computer,False
C1538,computer,False
C16236,computer,False
C12872,computer,False
C13661,computer,False
C362,computer,False
C15729,computer,False
C458,computer,False
C13323,computer,False
C1435,computer,False
C15196,computer,False
C12067,computer,False
C14296,computer,False
C1763,computer,False
C14374,computer,False
C2600,computer,False
C6369,computer,False
C15412,computer,False
C3178,computer,False
C320,computer,False
C972,computer,False
C10181,computer,False
C898,computer,False
C17327,computer,False
C5491,computer,False
C16535,computer,False
C13419,computer,False
C5853,computer,False
C15197,computer,False
C8435,computer,False
C1841,computer,False
C10523,computer,False
C11943,computer,False
C13551,computer,False
C2189,computer,False
C15279,computer,False
C5493,computer,False
C11663,computer,False
C6342,computer,False
C258,computer,False
C13738,computer,False
C17303,computer,False
C15540,computer,False
C6242,computer,False
C7679,computer,False
C10574,computer,False
C8818,computer,False
C14163,computer,False
C6310,computer,False
C1786,computer,False
C1273,computer,False
C14373,computer,False
C3933,computer,False
C5451,computer,False
C9749,computer,False
C5096,computer,False
C6304,computer,False
C8970,computer,False
C2174,computer,False
C17422,computer,False
C2655,computer,False
C15040,computer,False
C13966,computer,False
C6871,computer,False
C10065,computer,False
C9880,computer,False
C1021,computer,False
C7736,computer,False
C12628,computer,False
C12055,computer,False
C12078,computer,False
C12465,computer,False
C1251,computer,False
C13638,computer,False
C14030,computer,False
C14049,computer,False
C15007,computer,False
C15678,computer,False
C1587,computer,False
C16553,computer,False
C253,computer,False
C2883,computer,False
C2935,computer,False
C297,computer,False
C4750,computer,False
C5850,computer,False
C5997,computer,False
C6219,computer,False
C782,computer,False
C857,computer,False
C9570,computer,False
C9727,computer,False
C7231,computer,False
C11420,computer,False
C17456,computer,False
C2951,computer,False
C958,computer,False
C7960,computer,False
C8167,computer,False
C16160,computer,False
C7006,computer,False
C10779,computer,False
C11491,computer,False
C13779,computer,False
C14926,computer,False
C17975,computer,False
C22395,computer,False
C4653,computer,False
C3299,computer,False
C3444,computer,False
C3544,computer,False
C1549,computer,False
C8017,computer,False
C2893,computer,False
C15993,computer,False
C215,computer,False
C8964,computer,False
C2645,computer,False
C11950,computer,False
C5517,computer,False
C2986,computer,False
C2428,computer,False
C14204,computer,False
C11768,computer,False
C13923,computer,False
C15812,computer,False
C1646,computer,False
C1654,computer,False
C2320,computer,False
C4977,computer,False
C649,computer,False
C887,computer,False
C12449,computer,False
C7905,computer,False
C9943,computer,False
C1295,computer,False
C14179,computer,False
C10690,computer,False
C1607,computer,False
C5332,computer,False
C22976,computer,False
C3422,computer,False
C5756,computer,False
C13448,computer,False
C14351,computer,False
C2493,computer,False
C4539,computer,False
C8030,computer,False
C15134,computer,False
C904,computer,False
C12502,computer,False
C3928,computer,False
C16888,computer,False
C714,computer,False
C23640,computer,False
C24450,computer,False
C15341,computer,False
C3538,computer,False
C6853,computer,False
C14473,computer,False
C1883,computer,False
C14895,computer,False
C15005,computer,False
C5757,computer,False
C3021,computer,False
C6247,computer,False
C11596,computer,False
C14982,computer,False
C260,computer,False
C17492,computer,False
C14629,computer,False
C2651,computer,False
C12259,computer,False
C10468,computer,False
C1277,computer,False
C4123,computer,False
C12860,computer,False
C13202,computer,False
C13264,computer,False
C8390,computer,False
C4917,computer,False
C7507,computer,False
C11766,computer,False
C14945,computer,False
C2556,computer,False
C5443,computer,False
C13935,computer,False
C1565,computer,False
C16025,computer,False
C9655,computer,False
C1796,computer,False
C16897,computer,False
C7050,computer,False
C6336,computer,False
C6163,computer,False
C3029,computer,False
C11470,computer,False
C11286,computer,False
C9631,computer,False
C16856,computer,False
C17180,computer,False
C9412,computer,False
C12351,computer,False
C16492,computer,False
C679,computer,False
C17619,computer,False
C2328,computer,False
C23804,computer,False
C25192,computer,False
C590,computer,False
C12958,computer,False
C5661,computer,False
C3826,computer,False
C17354,computer,False
C11013,computer,False
C24568,computer,False
C6474,computer,False
C8772,computer,False
C8751,computer,False
C13325,computer,False
C6473,computer,False
C13701,computer,False
C15733,computer,False
C1584,computer,False
C1845,computer,False
C19099,computer,False
C3245,computer,False
C14802,computer,False
C17116,computer,False
C6477,computer,False
C11248,computer,False
C15656,computer,False
C113,computer,False
C11435,computer,False
C11400,computer,False
C26737,computer,False
C14879,computer,False
C16443,computer,False
C1804,computer,False
C3568,computer,False
C6756,computer,False
C10375,computer,False
C161,computer,False
C9833,computer,False
C7454,computer,False
C2683,computer,False
C7292,computer,False
C6133,computer,False
C10173,computer,False
C9883,computer,False
C1045,computer,False
C1177,computer,False
C16158,computer,False
C242,computer,False
C7442,computer,False
C6939,computer,False
C11376,computer,False
C7482,computer,False
C1131,computer,False
C8994,computer,False
C12554,computer,False
C12587,computer,False
C855,computer,False
C807,computer,False
C12104,computer,False
C21872,computer,False
C26850,computer,False
C16500,computer,False
C17640,computer,False
C4785,computer,False
C4198,computer,False
C16275,computer,False
C827,computer,False
C10964,computer,False
C1387,computer,False
C23671,computer,False
C11477,computer,False
C17590,computer,False
C16208,computer,False
C17584,computer,False
C2654,computer,False
C1903,computer,False
C10146,computer,False
C5713,computer,False
C10716,computer,False
C2225,computer,False
C797,computer,False
C13444,computer,False
C936,computer,False
C4064,computer,False
C5461,computer,False
C6592,computer,False
C10815,computer,False
C13223,computer,False
C11370,computer,False
C9402,computer,False
C607,computer,False
C11313,computer,False
C10380,computer,False
C15218,computer,False
C1219,computer,False
C2039,computer,False
C12391,computer,False
C15407,computer,False
C8623,computer,False
C1702,computer,False
C265,computer,False
C3714,computer,False
C992,computer,False
C10213,computer,False
C16358,computer,False
C13736,computer,False
C14283,computer,False
C10208,computer,False
C3090,computer,False
C3420,computer,False
C14005,computer,False
C12339,computer,False
C12907,computer,False
C1423,computer,False
C3574,computer,False
C22531,computer,False
C3300,computer,False
C2393,computer,False
C5611,computer,False
C9540,computer,False
C23564,computer,False
C3215,computer,False
C4381,computer,False
C396,computer,False
C12427,computer,False
C5151,computer,False
C9067,computer,False
C3812,computer,False
C14683,computer,False
C4645,computer,False
C14878,computer,False
C6828,computer,False
C9287,computer,False
C2438,computer,False
C323,computer,False
C352,computer,False
C7115,computer,False
C8023,computer,False
C9721,computer,False
C11080,computer,False
C9683,computer,False
C1480,computer,False
C7703,computer,False
C14728,computer,False
C16563,computer,False
C20512,computer,False
C8855,computer,False
C876,computer,False
C8504,computer,False
C5292,computer,False
C1259,computer,False
C15053,computer,False
C15593,computer,False
C17926,computer,False
C24954,computer,False
C10022,computer,False
C8789,computer,False
C9150,computer,False
C16770,computer,False
C17378,computer,False
C11272,computer,False
C3640,computer,False
C9224,computer,False
C5753,computer,False
C9857,computer,False
C15312,computer,False
C5991,computer,False
C11457,computer,False
C2288,computer,False
C8834,computer,False
C14406,computer,False
C15211,computer,False
C15087,computer,False
C8404,computer,False
C13343,computer,False
C5847,computer,False
C7460,computer,False
C7912,computer,False
C10230,computer,False
C1570,computer,False
C637,computer,False
C16241,computer,False
C5109,computer,False
C8161,computer,False
C16533,computer,False
C14184,computer,False
C12640,computer,False
C11772,computer,False
C3237,computer,False
C5696,computer,False
C7674,computer,False
C14959,computer,False
C12598,computer,False
C2827,computer,False
C16843,computer,False
C4029,computer,False
C5043,computer,False
C14984,computer,False
C326,computer,False
C10564,computer,False
C7270,computer,False
C1638,computer,False
C11292,computer,False
C11508,computer,False
C12051,computer,False
C6267,computer,False
C2648,computer,False
C9707,computer,False
C3224,computer,False
C8843,computer,False
C8889,computer,False
C5640,computer,False
C23382,computer,False
C14114,computer,False
C195,computer,False
C12856,computer,False
C14090,computer,False
C3042,computer,False
C1743,computer,False
C16154,computer,False
C7980,computer,False
C11777,computer,False
C928,computer,False
C9190,computer,False
C236,computer,False
C13979,computer,False
C12816,computer,False
C8914,computer,False
C314,computer,False
C4535,computer,False
C10563,computer,False
C10713,computer,False
C15930,computer,False
C2702,computer,False
C4232,computer,False
C4421,computer,False
C7539,computer,False
C10223,computer,False
C11453,computer,False
C12490,computer,False
C14438,computer,False
C11736,computer,False
C6694,computer,False
C10133,computer,False
C4812,computer,False
C25146,computer,False
C4708,computer,False
C49,computer,False
C10776,computer,False
C906,computer,False
C1744,computer,False
C10183,computer,False
C11074,computer,False
C930,computer,False
C3349,computer,False
C2980,computer,False
C27039,computer,False
C2321,computer,False
C7695,computer,False
C14019,computer,False
C14057,computer,False
C26987,computer,False
C6967,computer,False
C25841,computer,False
C3678,computer,False
C1513,computer,False
C1150,computer,False
C5811,computer,False
C700,computer,False
C13994,computer,False
C7312,computer,False
C6387,computer,False
C735,computer,False
C6196,computer,False
C11077,computer,False
C13525,computer,False
C13136,computer,False
C17410,computer,False
C1307,computer,False
C15948,computer,False
C14555,computer,False
C8393,computer,False
C3632,computer,False
C10525,computer,False
C9443,computer,False
C9758,computer,False
C2347,computer,False
C5377,computer,False
C9881,computer,False
C12442,computer,False
C22620,computer,False
C4384,computer,False
C10862,computer,False
C15786,computer,False
C3044,computer,False
C903,computer,False
C7390,computer,False
C6779,computer,False
C2471,computer,False
C10194,computer,False
C18325,computer,False
C9471,computer,False
C13281,computer,False
C14470,computer,False
C16878,computer,False
C5515,computer,False
C10067,computer,False
C8213,computer,False
C14917,computer,False
C2591,computer,False
C1240,computer,False
C8768,computer,False
C3558,computer,False
C16364,computer,False
C22094,computer,False
C12341,computer,False
C13488,computer,False
C7505,computer,False
C8875,computer,False
C14554,computer,False
C14744,computer,False
C17592,computer,False
C17363,computer,False
C9372,computer,False
C16056,computer,False
C15003,computer,False
C11996,computer,False
C10179,computer,False
C12729,computer,False
C15785,computer,False
C11798,computer,False
C14129,computer,False
C15525,computer,False
C4808,computer,False
C4866,computer,False
C20425,computer,False
C7379,computer,False
C17144,computer,False
C14012,computer,False
C11149,computer,False
C1193,computer,False
C10819,computer,False
C1300,computer,False
C14119,computer,False
C14253,computer,False
C1834,computer,False
C4816,computer,False
C2535,computer,False
C9364,computer,False
C8501,computer,False
C10206,computer,False
C10203,computer,False
C6419,computer,False
C17105,computer,False
C7924,computer,False
C6867,computer,False
C6098,computer,False
C12115,computer,False
C12822,computer,False
C16596,computer,False
C10839,computer,False
C10978,computer,False
C16330,computer,False
C26717,computer,False
C2023,computer,False
C54,computer,False
C3239,computer,False
C16048,computer,False
C3433,computer,False
C853,computer,False
C576,computer,False
C13742,computer,False
C15462,computer,False
C2127,computer,False
C14151,computer,False
C11714,computer,False
C12682,computer,False
C15982,computer,False
C5678,computer,False
C17424,computer,False
C2624,computer,False
C6055,computer,False
C338,computer,False
C11408,computer,False
C157,computer,False
C2301,computer,False
C9974,computer,False
C4981,computer,False
C7936,computer,False
C16827,computer,False
C11242,computer,False
C12318,computer,False
C12775,computer,False
C15455,computer,False
C17,computer,False
C2436,computer,False
C4931,computer,False
C2007,computer,False
C12735,computer,False
C6969,computer,False
C10196,computer,False
C12337,computer,False
C1822,computer,False
C3319,computer,False
C2486,computer,False
C2983,computer,False
C17465,computer,False
C2049,computer,False
C4962,computer,False
C6924,computer,False
C9024,computer,False
C908,computer,False
C10241,computer,False
C16162,computer,False
C4773,computer,False
C11132,computer,False
C7670,computer,False
C12349,computer,False
C14757,computer,False
C1821,computer,False
C4083,computer,False
C4180,computer,False
C4722,computer,False
C9061,computer,False
C6590,computer,False
C1472,computer,False
C5137,computer,False
C231,computer,False
C2873,computer,False
C5534,computer,False
C10218,computer,False
C1335,computer,False
C14483,computer,False
C24113,computer,False
C2672,computer,False
C731,computer,False
C7474,computer,False
C2802,computer,False
C5059,computer,False
C11926,computer,False
C14174,computer,False
C17452,computer,False
C2956,computer,False
C1447,computer,False
C12277,computer,False
C561,computer,False
C1356,computer,False
C1420,computer,False
C18131,computer,False
C4032,computer,False
C684,computer,False
C6899,computer,False
C7991,computer,False
C10014,computer,False
C10043,computer,False
C10121,computer,False
C10144,computer,False
C10364,computer,False
C10373,computer,False
C10410,computer,False
C10462,computer,False
C10529,computer,False
C10531,computer,False
C10555,computer,False
C10557,computer,False
C10566,computer,False
C1058,computer,False
C106,computer,False
C6395,computer,False
C10658,computer,False
C10701,computer,False
C10741,computer,False
C10796,computer,False
C1082,computer,False
C10858,computer,False
C1087,computer,False
C10960,computer,False
C110,computer,False
C11069,computer,False
C1110,computer,False
C11101,computer,False
C11105,computer,False
C11171,computer,False
C11412,computer,False
C11461,computer,False
C11531,computer,False
C11631,computer,False
C11843,computer,False
C11957,computer,False
C12004,computer,False
C12065,computer,False
C12118,computer,False
C1218,computer,False
C12397,computer,False
C12428,computer,False
C12434,computer,False
C12473,computer,False
C12515,computer,False
C12517,computer,False
C12720,computer,False
C12733,computer,False
C1276,computer,False
C12904,computer,False
C12992,computer,False
C13052,computer,False
C13128,computer,False
C13175,computer,False
C13179,computer,False
C13314,computer,False
C1344,computer,False
C13559,computer,False
C1366,computer,False
C13799,computer,False
C1386,computer,False
C13942,computer,False
C13985,computer,False
C14182,computer,False
C14194,computer,False
C14251,computer,False
C14264,computer,False
C1443,computer,False
C14547,computer,False
C14568,computer,False
C14595,computer,False
C1501,computer,False
C15070,computer,False
C15198,computer,False
C1520,computer,False
C15675,computer,False
C1568,computer,False
C1569,computer,False
C1574,computer,False
C1578,computer,False
C15795,computer,False
C15797,computer,False
C16011,computer,False
C16182,computer,False
C16202,computer,False
C16232,computer,False
C16256,computer,False
C16291,computer,False
C16354,computer,False
C16360,computer,False
C16395,computer,False
C16405,computer,False
C16516,computer,False
C16610,computer,False
C16822,computer,False
C17249,computer,False
C17334,computer,False
C17390,computer,False
C17418,computer,False
C17512,computer,False
C1825,computer,False
C1991,computer,False
C2086,computer,False
C2255,computer,False
C24626,computer,False
C2608,computer,False
C26975,computer,False
C2891,computer,False
C3145,computer,False
C3199,computer,False
C3384,computer,False
C4013,computer,False
C4355,computer,False
C510,computer,False
C2650,computer,False
C7824,computer,False
C544,computer,False
C5498,computer,False
C623,computer,False
C6273,computer,False
C6707,computer,False
C6721,computer,False
C6789,computer,False
C699,computer,False
C7069,computer,False
C7077,computer,False
C7162,computer,False
C7444,computer,False
C749,computer,False
C7643,computer,False
C7689,computer,False
C7699,computer,False
C7701,computer,False
C773,computer,False
C7774,computer,False
C7796,computer,False
C780,computer,False
C7830,computer,False
C8064,computer,False
C8076,computer,False
C8293,computer,False
C8350,computer,False
C9072,computer,False
C9176,computer,False
C9220,computer,False
C9250,computer,False
C9291,computer,False
C9368,computer,False
C945,computer,False
C9527,computer,False
C9542,computer,False
C9545,computer,False
C9566,computer,False
C9810,computer,False
C9931,computer,False
C9956,computer,False
C6014,computer,False
C6151,computer,False
C6181,computer,False
C6251,computer,False
C6495,computer,False
C6802,computer,False
C2290,computer,False
C7185,computer,False
C7202,computer,False
C7214,computer,False
C7448,computer,False
C7649,computer,False
C7728,computer,False
C7771,computer,False
C7794,computer,False
C7975,computer,False
C800,computer,False
C8127,computer,False
C8151,computer,False
C8196,computer,False
C8272,computer,False
C8452,computer,False
C8597,computer,False
C8629,computer,False
C8696,computer,False
C8705,computer,False
C8778,computer,False
C8780,computer,False
C8917,computer,False
C8958,computer,False
C9011,computer,False
C909,computer,False
C9105,computer,False
C9451,computer,False
C9473,computer,False
C9479,computer,False
C9562,computer,False
C9623,computer,False
C963,computer,False
C976,computer,False
C20165,computer,False
C274,computer,False
C11129,computer,False
C3143,computer,False
C11912,computer,False
C8550,computer,False
C13364,computer,False
C21060,computer,False
C1376,computer,False
C12180,computer,False
C7693,computer,False
C10077,computer,False
C13041,computer,False
C1556,computer,False
C3882,computer,False
C2018,computer,False
C4367,computer,False
C7952,computer,False
C23773,computer,False
C14034,computer,False
C2670,computer,False
C18963,computer,False
C10436,computer,False
C13166,computer,False
C13896,computer,False
C1567,computer,False
C9851,computer,False
C17707,computer,False
C10674,computer,False
C8752,computer,False
C14439,computer,False
C6761,computer,False
C16631,computer,False
C6051,computer,False
C11294,computer,False
C15667,computer,False
C4087,computer,False
C10739,computer,False
C8503,computer,False
C17713,computer,False
C868,computer,False
C15493,computer,False
C1401,computer,False
C442,computer,False
C605,computer,False
C17338,computer,False
C14804,computer,False
C5932,computer,False
C3963,computer,False
C7503,computer,False
C1453,computer,False
C14768,computer,False
C2,computer,False
C11587,computer,False
C1261,computer,False
C46,computer,False
C15873,computer,False
C486,computer,False
C22665,computer,False
C14223,computer,False
C15182,computer,False
C2908,computer,False
C4608,computer,False
C710,computer,False
C5313,computer,False
C160,computer,False
C13874,computer,False
C13194,computer,False
C12647,computer,False
C14993,computer,False
C16038,computer,False
C2465,computer,False
C2627,computer,False
C8204,computer,False
C3370,computer,False
C1416,computer,False
C2576,computer,False
C4885,computer,False
C7711,computer,False
C14364,computer,False
C14083,computer,False
C3688,computer,False
C10482,computer,False
C1427,computer,False
C771,computer,False
C8260,computer,False
C10175,computer,False
C6294,computer,False
C8681,computer,False
C7386,computer,False
C9388,computer,False
C2053,computer,False
C152,computer,False
C14672,computer,False
C11360,computer,False
C16144,computer,False
C13764,computer,False
C16177,computer,False
C17090,computer,False
C2964,computer,False
C5959,computer,False
C12076,computer,False
C6111,computer,False
C8060,computer,False
C9615,computer,False
C12249,computer,False
C12770,computer,False
C13197,computer,False
C13888,computer,False
C1444,computer,False
C16140,computer,False
C2293,computer,False
C257,computer,False
C6447,computer,False
C6830,computer,False
C9120,computer,False
C9303,computer,False
C16831,computer,False
C12652,computer,False
C4704,computer,False
C1958,computer,False
C18261,computer,False
C4233,computer,False
C822,computer,False
C15268,computer,False
C15767,computer,False
C5542,computer,False
C16166,computer,False
C13441,computer,False
C15165,computer,False
C5480,computer,False
C14767,computer,False
C16188,computer,False
C7579,computer,False
C548,computer,False
C12638,computer,False
C13078,computer,False
C12745,computer,False
C2183,computer,False
C22193,computer,False
C772,computer,False
C11296,computer,False
C18057,computer,False
C11886,computer,False
C831,computer,False
C1369,computer,False
C619,computer,False
C14066,computer,False
C676,computer,False
C9125,computer,False
C10415,computer,False
C13726,computer,False
C1527,computer,False
C1311,computer,False
C14040,computer,False
C3750,computer,False
C3083,computer,False
C5788,computer,False
C12568,computer,False
C427,computer,False
C4249,computer,False
C7339,computer,False
C9242,computer,False
C2915,computer,False
C6096,computer,False
C17522,computer,False
C15001,computer,False
C15082,computer,False
C6553,computer,False
C6456,computer,False
C3340,computer,False
C9512,computer,False
C165,computer,False
C16816,computer,False
C13783,computer,False
C3947,computer,False
C16060,computer,False
C16764,computer,False
C2413,computer,False
C15802,computer,False
C12074,computer,False
C13070,computer,False
C15235,computer,False
C21578,computer,False
C2825,computer,False
C4434,computer,False
C12441,computer,False
C2857,computer,False
C4007,computer,False
C11431,computer,False
C2780,computer,False
C12015,computer,False
C12546,computer,False
C14994,computer,False
C5637,computer,False
C11671,computer,False
C13431,computer,False
C1095,computer,False
C10933,computer,False
C15701,computer,False
C16447,computer,False
C5594,computer,False
C15560,computer,False
C273,computer,False
C14266,computer,False
C1483,computer,False
C1229,computer,False
C2855,computer,False
C4388,computer,False
C1097,computer,False
C7170,computer,False
C15859,computer,False
C10505,computer,False
C11894,computer,False
C12309,computer,False
C12897,computer,False
C13497,computer,False
C13797,computer,False
C15304,computer,False
C16576,computer,False
C16675,computer,False
C3167,computer,False
C10116,computer,False
C5979,computer,False
C7046,computer,False
C786,computer,False
C888,computer,False
C13899,computer,False
C6234,computer,False
C14064,computer,False
C11629,computer,False
C13406,computer,False
C492,computer,False
C5565,computer,False
C5648,computer,False
C665,computer,False
C15170,computer,False
C8672,computer,False
C15207,computer,False
C2775,computer,False
C515,computer,False
C8159,computer,False
C9305,computer,False
C10916,computer,False
C1184,computer,False
C21138,computer,False
C23778,computer,False
C10803,computer,False
C13132,computer,False
C8369,computer,False
C3320,computer,False
C3374,computer,False
C11922,computer,False
C6125,computer,False
C15865,computer,False
C14330,computer,False
C7048,computer,False
C994,computer,False
C2695,computer,False
C14692,computer,False
C14893,computer,False
C4581,computer,False
C5583,computer,False
C16214,computer,False
C967,computer,False
C12608,computer,False
C15445,computer,False
C16270,computer,False
C448,computer,False
C3309,computer,False
C1899,computer,False
C1905,computer,False
C11451,computer,False
C17536,computer,False
C1987,computer,False
C14732,computer,False
C16106,computer,False
C2277,computer,False
C7869,computer,False
C2616,computer,False
C7400,computer,False
C14398,computer,False
C319,computer,False
C5585,computer,False
C6671,computer,False
C17428,computer,False
C11315,computer,False
C14097,computer,False
C23572,computer,False
C13968,computer,False
C16578,computer,False
C4798,computer,False
C9895,computer,False
C6259,computer,False
C1124,computer,False
C13328,computer,False
C13471,computer,False
C13581,computer,False
C1776,computer,False
C23114,computer,False
C216,computer,False
C641,computer,False
C810,computer,False
C16156,computer,False
C14053,computer,False
C5584,computer,False
C13757,computer,False
C15860,computer,False
C16426,computer,False
C3952,computer,False
C26796,computer,False
C5352,computer,False
C12488,computer,False
C1935,computer,False
C14368,computer,False
C9006,computer,False
C10843,computer,False
C13290,computer,False
C14270,computer,False
C14864,computer,False
C23559,computer,False
C9222,computer,False
C11585,computer,False
C450,computer,False
C9000,computer,False
C1142,computer,False
C12695,computer,False
C4325,computer,False
C16528,computer,False
C17754,computer,False
C3238,computer,False
C14741,computer,False
C7842,computer,False
C11499,computer,False
C11873,computer,False
C12389,computer,False
C4856,computer,False
C13898,computer,False
C15093,computer,False
C17425,computer,False
C20404,computer,False
C22594,computer,False
C24280,computer,False
C7716,computer,False
C5677,computer,False
C8395,computer,False
C6445,computer,False
C961,computer,False
C16825,computer,False
C1357,computer,False
C25128,computer,False
C4550,computer,False
C13637,computer,False
C2299,computer,False
C11658,computer,False
C1322,computer,False
C5315,computer,False
C16947,computer,False
C17500,computer,False
C22397,computer,False
C16199,computer,False
C16669,computer,False
C8104,computer,False
C2933,computer,False
C12199,computer,False
C10005,computer,False
C10018,computer,False
C1002,computer,False
C10028,computer,False
C10091,computer,False
C10093,computer,False
C10103,computer,False
C1023,computer,False
C1026,computer,False
C10260,computer,False
C1033,computer,False
C1039,computer,False
C10417,computer,False
C10499,computer,False
C10626,computer,False
C10642,computer,False
C10672,computer,False
C10688,computer,False
C10711,computer,False
C10757,computer,False
C1090,computer,False
C10912,computer,False
C10936,computer,False
C10980,computer,False
C1103,computer,False
C1111,computer,False
C11120,computer,False
C11155,computer,False
C11280,computer,False
C11309,computer,False
C1134,computer,False
C11348,computer,False
C1137,computer,False
C11425,computer,False
C11439,computer,False
C11634,computer,False
C11681,computer,False
C11734,computer,False
C11819,computer,False
C1187,computer,False
C11877,computer,False
C11910,computer,False
C11915,computer,False
C1195,computer,False
C11992,computer,False
C12122,computer,False
C12164,computer,False
C12189,computer,False
C12208,computer,False
C1221,computer,False
C12320,computer,False
C12343,computer,False
C12402,computer,False
C12416,computer,False
C12461,computer,False
C12519,computer,False
C12570,computer,False
C1264,computer,False
C12657,computer,False
C12665,computer,False
C1284,computer,False
C12870,computer,False
C12882,computer,False
C12894,computer,False
C1290,computer,False
C12909,computer,False
C1291,computer,False
C12973,computer,False
C13028,computer,False
C13171,computer,False
C1325,computer,False
C13270,computer,False
C13279,computer,False
C13306,computer,False
C13382,computer,False
C13397,computer,False
C13459,computer,False
C1350,computer,False
C13619,computer,False
C13627,computer,False
C13698,computer,False
C13713,computer,False
C13750,computer,False
C13801,computer,False
C13875,computer,False
C13894,computer,False
C14069,computer,False
C14074,computer,False
C14087,computer,False
C14092,computer,False
C1425,computer,False
C14256,computer,False
C14268,computer,False
C14284,computer,False
C1429,computer,False
C14334,computer,False
C14358,computer,False
C144,computer,False
C14441,computer,False
C14445,computer,False
C1445,computer,False
C14453,computer,False
C14537,computer,False
C1454,computer,False
C14549,computer,False
C14577,computer,False
C14581,computer,False
C14676,computer,False
C1468,computer,False
C14770,computer,False
C14772,computer,False
C1485,computer,False
C1488,computer,False
C14882,computer,False
C149,computer,False
C15024,computer,False
C15047,computer,False
C15075,computer,False
C1517,computer,False
C1524,computer,False
C153,computer,False
C15337,computer,False
C1540,computer,False
C15401,computer,False
C1541,computer,False
C15410,computer,False
C15414,computer,False
C15443,computer,False
C15530,computer,False
C15586,computer,False
C15588,computer,False
C156,computer,False
C1572,computer,False
C1580,computer,False
C15809,computer,False
C15967,computer,False
C16,computer,False
C16004,computer,False
C16308,computer,False
C16332,computer,False
C16366,computer,False
C16385,computer,False
C16480,computer,False
C1649,computer,False
C1655,computer,False
C16572,computer,False
C16601,computer,False
C16627,computer,False
C16663,computer,False
C16689,computer,False
C16709,computer,False
C16715,computer,False
C16760,computer,False
C16782,computer,False
C16894,computer,False
C16936,computer,False
C17063,computer,False
C17100,computer,False
C17111,computer,False
C1712,computer,False
C1717,computer,False
C1721,computer,False
C1726,computer,False
C17408,computer,False
C17620,computer,False
C1788,computer,False
C18,computer,False
C1801,computer,False
C1813,computer,False
C1835,computer,False
C1837,computer,False
C1849,computer,False
C1865,computer,False
C18879,computer,False
C1901,computer,False
C1923,computer,False
C200,computer,False
C203,computer,False
C204,computer,False
C2048,computer,False
C2089,computer,False
C219,computer,False
C2203,computer,False
C2254,computer,False
C228,computer,False
C2291,computer,False
C2306,computer,False
C232,computer,False
C2560,computer,False
C272,computer,False
C281,computer,False
C2811,computer,False
C2837,computer,False
C2877,computer,False
C293,computer,False
C2955,computer,False
C3035,computer,False
C3036,computer,False
C3098,computer,False
C311,computer,False
C3318,computer,False
C334,computer,False
C3442,computer,False
C3541,computer,False
C3652,computer,False
C367,computer,False
C3745,computer,False
C3748,computer,False
C3767,computer,False
C4,computer,False
C403,computer,False
C4265,computer,False
C428,computer,False
C445,computer,False
C462,computer,False
C7792,computer,False
C4859,computer,False
C487,computer,False
C488,computer,False
C5,computer,False
C50,computer,False
C5015,computer,False
C532,computer,False
C534,computer,False
C537,computer,False
C14010,computer,False
C602,computer,False
C6102,computer,False
C624,computer,False
C629,computer,False
C6320,computer,False
C6338,computer,False
C6347,computer,False
C6365,computer,False
C6417,computer,False
C6548,computer,False
C668,computer,False
C674,computer,False
C7215,computer,False
C727,computer,False
C7290,computer,False
C7344,computer,False
C7497,computer,False
C7597,computer,False
C76,computer,False
C7622,computer,False
C7720,computer,False
C8069,computer,False
C823,computer,False
C8331,computer,False
C8337,computer,False
C8420,computer,False
C8444,computer,False
C8851,computer,False
C8990,computer,False
C9082,computer,False
C9226,computer,False
C9270,computer,False
C9436,computer,False
C9456,computer,False
C9663,computer,False
C9692,computer,False
C9741,computer,False
C9871,computer,False
C9950,computer,False
C9990,computer,False
C5985,computer,False
C5999,computer,False
C6003,computer,False
C6035,computer,False
C6110,computer,False
C6135,computer,False
C6223,computer,False
C6236,computer,False
C63,computer,False
C6306,computer,False
C6328,computer,False
C6367,computer,False
C6409,computer,False
C6469,computer,False
C6563,computer,False
C659,computer,False
C6619,computer,False
C6633,computer,False
C664,computer,False
C6659,computer,False
C6709,computer,False
C6727,computer,False
C6837,computer,False
C6843,computer,False
C6885,computer,False
C6893,computer,False
C6992,computer,False
C6998,computer,False
C7018,computer,False
C7087,computer,False
C7123,computer,False
C7125,computer,False
C713,computer,False
C7233,computer,False
C7247,computer,False
C7279,computer,False
C7367,computer,False
C7404,computer,False
C7420,computer,False
C7610,computer,False
C7628,computer,False
C7660,computer,False
C7672,computer,False
C7685,computer,False
C7697,computer,False
C7758,computer,False
C7834,computer,False
C7858,computer,False
C7865,computer,False
C7887,computer,False
C7966,computer,False
C8015,computer,False
C8028,computer,False
C8054,computer,False
C8058,computer,False
C8098,computer,False
C8178,computer,False
C8194,computer,False
C837,computer,False
C8402,computer,False
C8509,computer,False
C852,computer,False
C8668,computer,False
C8732,computer,False
C8758,computer,False
C8766,computer,False
C8885,computer,False
C8903,computer,False
C8968,computer,False
C9040,computer,False
C9042,computer,False
C9087,computer,False
C9253,computer,False
C9262,computer,False
C9289,computer,False
C9307,computer,False
C9315,computer,False
C9330,computer,False
C9343,computer,False
C935,computer,False
C9430,computer,False
C9453,computer,False
C946,computer,False
C9460,computer,False
C9516,computer,False
C953,computer,False
C9568,computer,False
C9611,computer,False
C97,computer,False
C970,computer,False
C9718,computer,False
C9864,computer,False
C996,computer,False
C9982,computer,False
C9996,computer,False
C17066,computer,False
C12917,computer,False
C14389,computer,False
C10790,computer,False
C12765,computer,False
C12954,computer,False
C14300,computer,False
C1004,computer,False
C16650,computer,False
C8573,computer,False
C10888,computer,False
C13952,computer,False
C1440,computer,False
C17705,computer,False
C247,computer,False
C4592,computer,False
C13074,computer,False
C11688,computer,False
C12010,computer,False
C8129,computer,False
C667,computer,False
C1593,computer,False
C298,computer,False
C9910,computer,False
C14102,computer,False
C17264,computer,False
C15626,computer,False
C3732,computer,False
C5136,computer,False
C2659,computer,False
C26075,computer,False
C4207,computer,False
C2107,computer,False
C5192,computer,False
C11311,computer,False
C1671,computer,False
C10583,computer,False
C2475,computer,False
C12393,computer,False
C15342,computer,False
C16314,computer,False
C184,computer,False
C20312,computer,False
C13561,computer,False
C3806,computer,False
C8458,computer,False
C10798,computer,False
C17033,computer,False
C12798,computer,False
C7002,computer,False
C8980,computer,False
C5919,computer,False
C796,computer,False
C14177,computer,False
C9870,computer,False
C7541,computer,False
C3339,computer,False
C5358,computer,False
C85,computer,False
C9927,computer,False
C22479,computer,False
C282,computer,False
C10506,computer,False
C2759,computer,False
C14726,computer,False
C13024,computer,False
C1432,computer,False
C2485,computer,False
C15274,computer,False
C15565,computer,False
C8567,computer,False
C8223,computer,False
C6627,computer,False
C6503,computer,False
C11841,computer,False
C14202,computer,False
C12152,computer,False
C12302,computer,False
C12369,computer,False
C6965,computer,False
C16963,computer,False
C6826,computer,False
C4639,computer,False
C7954,computer,False
C2236,computer,False
C601,computer,False
C717,computer,False
C14625,computer,False
C7057,computer,False
C10886,computer,False
C9812,computer,False
C1179,computer,False
C1519,computer,False
C6511,computer,False
C8974,computer,False
C5018,computer,False
C6131,computer,False
C14240,computer,False
C14907,computer,False
C16820,computer,False
C1992,computer,False
C17370,computer,False
C3799,computer,False
C15104,computer,False
C17703,computer,False
C9397,computer,False
C7143,computer,False
C1120,computer,False
C11738,computer,False
C5965,computer,False
C14038,computer,False
C14591,computer,False
C14638,computer,False
C138,computer,False
C13485,computer,False
C7416,computer,False
C9234,computer,False
C12395,computer,False
C5593,computer,False
C1393,computer,False
C4755,computer,False
C11496,computer,False
C11571,computer,False
C12478,computer,False
C12854,computer,False
C13216,computer,False
C7626,computer,False
C8416,computer,False
C14870,computer,False
C3961,computer,False
C11402,computer,False
C6578,computer,False
C14940,computer,False
C893,computer,False
C1010,computer,False
C16671,computer,False
C21296,computer,False
C1014,computer,False
C10388,computer,False
C7011,computer,False
C10760,computer,False
C11762,computer,False
C5092,computer,False
C1441,computer,False
C7910,computer,False
C1233,computer,False
C7418,computer,False
C13863,computer,False
C14294,computer,False
C286,computer,False
C12543,computer,False
C12674,computer,False
C9751,computer,False
C14856,computer,False
C1583,computer,False
C217,computer,False
C2434,computer,False
C10098,computer,False
C15129,computer,False
C12983,computer,False
C3328,computer,False
C3777,computer,False
C10221,computer,False
C12642,computer,False
C14099,computer,False
C16748,computer,False
C3810,computer,False
C16054,computer,False
C19924,computer,False
C9803,computer,False
C6645,computer,False
C3227,computer,False
C7822,computer,False
C995,computer,False
C15295,computer,False
C6568,computer,False
C16945,computer,False
C2341,computer,False
C7223,computer,False
C14557,computer,False
C4679,computer,False
C10837,computer,False
C12100,computer,False
C1351,computer,False
C15722,computer,False
C5349,computer,False
C15473,computer,False
C3623,computer,False
C380,computer,False
C1089,computer,False
C15436,computer,False
C13944,computer,False
C14186,computer,False
C16555,computer,False
C3978,computer,False
C3407,computer,False
C4541,computer,False
C3794,computer,False
C11003,computer,False
C13962,computer,False
C10813,computer,False
C21977,computer,False
C4651,computer,False
C812,computer,False
C15228,computer,False
C9281,computer,False
C1474,computer,False
C8038,computer,False
C11257,computer,False
C4161,computer,False
C16750,computer,False
C6480,computer,False
C4761,computer,False
C8897,computer,False
C17342,computer,False
C16739,computer,False
C12630,computer,False
C5671,computer,False
C11779,computer,False
C29,computer,False
C13316,computer,False
C4600,computer,False
C11543,computer,False
C7043,computer,False
C12107,computer,False
C737,computer,False
C2146,computer,False
C5604,computer,False
C3884,computer,False
C14889,computer,False
C17372,computer,False
C136,computer,False
C13678,computer,False
C989,computer,False
C1954,computer,False
C2899,computer,False
C2885,computer,False
C7764,computer,False
C4597,computer,False
C10931,computer,False
C1308,computer,False
C10699,computer,False
C10831,computer,False
C13034,computer,False
C421,computer,False
C15886,computer,False
C8617,computer,False
C9132,computer,False
C8799,computer,False
C13583,computer,False
C1286,computer,False
C13855,computer,False
C3686,computer,False
C12810,computer,False
C925,computer,False
C1410,computer,False
C331,computer,False
C5705,computer,False
C17574,computer,False
C13348,computer,False
C17196,computer,False
C1305,computer,False
C22255,computer,False
C7337,computer,False
C23134,computer,False
C5602,computer,False
C13530,computer,False
C1098,computer,False
C17291,computer,False
C5026,computer,False
C2202,computer,False
C13972,computer,False
C4210,computer,False
C15245,computer,False
C6398,computer,False
C15763,computer,False
C21424,computer,False
C22270,computer,False
C15045,computer,False
C10572,computer,False
C263,computer,False
C25715,computer,False
C984,computer,False
C14698,computer,False
C10852,computer,False
C1562,computer,False
C746,computer,False
C12820,computer,False
C8071,computer,False
C5672,computer,False
C3007,computer,False
C14247,computer,False
C4202,computer,False
C4390,computer,False
C11342,computer,False
C13705,computer,False
C11131,computer,False
C16258,computer,False
C4193,computer,False
C6731,computer,False
C979,computer,False
C17682,computer,False
C8522,computer,False
C1947,computer,False
C342,computer,False
C13205,computer,False
C880,computer,False
C14081,computer,False
C1135,computer,False
C3446,computer,False
C205,computer,False
C6643,computer,False
C8688,computer,False
C9714,computer,False
C489,computer,False
C8422,computer,False
C13331,computer,False
C14589,computer,False
C10534,computer,False
C12347,computer,False
C16811,computer,False
C18266,computer,False
C4077,computer,False
C5681,computer,False
C5154,computer,False
C7034,computer,False
C7529,computer,False
C2798,computer,False
C15753,computer,False
C12889,computer,False
C10081,computer,False
C10254,computer,False
C1030,computer,False
C1084,computer,False
C10939,computer,False
C11127,computer,False
C11204,computer,False
C11298,computer,False
C11340,computer,False
C11774,computer,False
C11946,computer,False
C1232,computer,False
C12829,computer,False
C13294,computer,False
C13350,computer,False
C13352,computer,False
C13633,computer,False
C13933,computer,False
C14377,computer,False
C14418,computer,False
C14435,computer,False
C14649,computer,False
C15307,computer,False
C16352,computer,False
C16472,computer,False
C16841,computer,False
C16871,computer,False
C17602,computer,False
C24,computer,False
C3598,computer,False
C3636,computer,False
C5858,computer,False
C7174,computer,False
C9089,computer,False
C9336,computer,False
C7103,computer,False
C7135,computer,False
C7141,computer,False
C817,computer,False
C8776,computer,False
C12162,computer,False
C10968,computer,False
C2577,computer,False
C6391,computer,False
C13346,computer,False
C10646,computer,False
C5608,computer,False
C12257,computer,False
C12755,computer,False
C12380,computer,False
C2971,computer,False
C1052,computer,False
C2859,computer,False
C13591,computer,False
C14292,computer,False
C14346,computer,False
C814,computer,False
C4667,computer,False
C11839,computer,False
C7377,computer,False
C768,computer,False
C13248,computer,False
C16621,computer,False
C745,computer,False
C13868,computer,False
C8498,computer,False
C10101,computer,False
C1241,computer,False
C2148,computer,False
C7176,computer,False
C7274,computer,False
C14903,computer,False
C3312,computer,False
C3128,computer,False
C2871,computer,False
C3916,computer,False
C4942,computer,False
C10347,computer,False
C10901,computer,False
C15355,computer,False
C24806,computer,False
C1243,computer,False
C7691,computer,False
C11386,computer,False
C15539,computer,False
C15394,computer,False
C16850,computer,False
C1112,computer,False
C15672,computer,False
C14736,computer,False
C13457,computer,False
C11346,computer,False
C13230,computer,False
C16058,computer,False
C3833,computer,False
C742,computer,False
C920,computer,False
C9986,computer,False
C17356,computer,False
C2454,computer,False
C214,computer,False
C4352,computer,False
C3718,computer,False
C142,computer,False
C4618,computer,False
C16397,computer,False
C14716,computer,False
C8388,computer,False
C418,computer,False
C8456,computer,False
C12845,computer,False
C12192,computer,False
C2462,computer,False
C6263,computer,False
C2719,computer,False
C431,computer,False
C8943,computer,False
C16103,computer,False
C12668,computer,False
C13844,computer,False
C11288,computer,False
C11868,computer,False
C14640,computer,False
C20671,computer,False
C16451,computer,False
C8941,computer,False
C3942,computer,False
C2057,computer,False
C7614,computer,False
C5309,computer,False
C8274,computer,False
C14705,computer,False
C5957,computer,False
C12659,computer,False
C20698,computer,False
C8013,computer,False
C5445,computer,False
C10328,computer,False
C12226,computer,False
C15760,computer,False
C17461,computer,False
C17715,computer,False
C14121,computer,False
C9647,computer,False
C12537,computer,False
C21927,computer,False
C21942,computer,False
C15663,computer,False
C3921,computer,False
C7624,computer,False
C4803,computer,False
C15143,computer,False
C1503,computer,False
C10394,computer,False
C24637,computer,False
C17076,computer,False
C2966,computer,False
C315,computer,False
C2800,computer,False
C2852,computer,False
C21986,computer,False
C12996,computer,False
C8530,computer,False
C19,computer,False
C24436,computer,False
C1323,computer,False
C2901,computer,False
C25019,computer,False
C26105,computer,False
C13244,computer,False
C13853,computer,False
C23794,computer,False
C3980,computer,False
C382,computer,False
C13467,computer,False
C5450,computer,False
C5086,computer,False
C4311,computer,False
C5308,computer,False
C1108,computer,False
C5194,computer,False
C10684,computer,False
C26721,computer,False
C10445,computer,False
C5161,computer,False
C15499,computer,False
C2947,computer,False
C10243,computer,False
C11904,computer,False
C3743,computer,False
C8528,computer,False
C9327,computer,False
C17407,computer,False
C863,computer,False
C7908,computer,False
C5794,computer,False
C17874,computer,False
C13234,computer,False
C7537,computer,False
C12654,computer,False
C10997,computer,False
C9555,computer,False
C14785,computer,False
C4905,computer,False
C10732,computer,False
C10827,computer,False
C1093,computer,False
C10970,computer,False
C1119,computer,False
C11364,computer,False
C11648,computer,False
C12525,computer,False
C1260,computer,False
C12714,computer,False
C13056,computer,False
C1609,computer,False
C16686,computer,False
C16777,computer,False
C25466,computer,False
C26672,computer,False
C3611,computer,False
C3778,computer,False
C386,computer,False
C3860,computer,False
C4098,computer,False
C4125,computer,False
C4223,computer,False
C4782,computer,False
C5084,computer,False
C5190,computer,False
C6027,computer,False
C6207,computer,False
C6249,computer,False
C6404,computer,False
C6413,computer,False
C6425,computer,False
C6623,computer,False
C6911,computer,False
C7210,computer,False
C7260,computer,False
C7318,computer,False
C7324,computer,False
C7430,computer,False
C7509,computer,False
C7533,computer,False
C9152,computer,False
C9283,computer,False
C9762,computer,False
C9825,computer,False
C9875,computer,False
C9898,computer,False
C9925,computer,False
C9935,computer,False
C10923,computer,False
C1349,computer,False
C18359,computer,False
C18986,computer,False
C20552,computer,False
C25742,computer,False
C25747,computer,False
C25804,computer,False
C26454,computer,False
C6440,computer,False
C6629,computer,False
C8670,computer,False
C8517,computer,False
C12061,computer,False
C12399,computer,False
C18113,computer,False
C19481,computer,False
C19688,computer,False
C20550,computer,False
C20561,computer,False
C22333,computer,False
C22999,computer,False
C23003,computer,False
C23005,computer,False
C23007,computer,False
C23369,computer,False
C24215,computer,False
C25446,computer,False
C25823,computer,False
C26009,computer,False
C27014,computer,False
C8207,computer,False
C8441,computer,False
C8887,computer,False
C9755,computer,False
C9937,computer,False
C17231,computer,False
C6067,computer,False
C4622,computer,False
C2596,computer,False
C2464,computer,False
C15018,computer,False
C16886,computer,False
C14332,computer,False
C24454,computer,False
C4085,computer,False
C13193,computer,False
C13920,computer,False
C10283,computer,False
C13038,computer,False
C10880,computer,False
C13479,computer,False
C1321,computer,False
C4169,computer,False
C3556,computer,False
C5261,computer,False
C6811,computer,False
C661,computer,False
C409,computer,False
C15787,computer,False
C13503,computer,False
C2389,computer,False
C3440,computer,False
C16169,computer,False
C8346,computer,False
C14592,computer,False
C4015,computer,False
C17631,computer,False
C11307,computer,False
C17568,computer,False
C8554,computer,False
C81,computer,False
C980,computer,False
C17010,computer,False
C3465,computer,False
C13009,computer,False
C13303,computer,False
C18079,computer,False
C2716,computer,False
C2961,computer,False
C5113,computer,False
C5356,computer,False
C14842,computer,False
C10730,computer,False
C7744,computer,False
C5429,computer,False
C4631,computer,False
C15126,computer,False
C10896,computer,False
C14675,computer,False
C4200,computer,False
C18345,computer,False
C2292,computer,False
C2533,computer,False
C14617,computer,False
C16727,computer,False
C14477,computer,False
C14235,computer,False
C3547,computer,False
C12281,computer,False
C1230,computer,False
C2461,computer,False
C4907,computer,False
C12154,computer,False
C14958,computer,False
C924,computer,False
C2817,computer,False
C13287,computer,False
C14845,computer,False
C5969,computer,False
C6598,computer,False
C13515,computer,False
C8627,computer,False
C8882,computer,False
C12566,computer,False
C8919,computer,False
C13164,computer,False
C16061,computer,False
C1171,computer,False
C17360,computer,False
C10477,computer,False
C16459,computer,False
C14160,computer,False
C14839,computer,False
C5277,computer,False
C13752,computer,False
C17074,computer,False
C17225,computer,False
C4640,computer,False
C8219,computer,False
C12143,computer,False
C9074,computer,False
C13667,computer,False
C2521,computer,False
C10952,computer,False
C15397,computer,False
C5329,computer,False
C9489,computer,False
C8131,computer,False
C14915,computer,False
C8794,computer,False
C11484,computer,False
C5202,computer,False
C10269,computer,False
C12777,computer,False
C15457,computer,False
C1859,computer,False
C8147,computer,False
C5353,computer,False
C4438,computer,False
C820,computer,False
C17406,computer,False
C1083,computer,False
C12147,computer,False
C2303,computer,False
C151,computer,False
C3120,computer,False
C8333,computer,False
C5883,computer,False
C2661,computer,False
C21072,computer,False
C6857,computer,False
C9228,computer,False
C15598,computer,False
C2989,computer,False
C3919,computer,False
C15057,computer,False
C9046,computer,False
C14866,computer,False
C1421,computer,False
C3101,computer,False
C993,computer,False
C14481,computer,False
C21926,computer,False
C1922,computer,False
C1643,computer,False
C3001,computer,False
C3105,computer,False
C7606,computer,False
C14905,computer,False
C578,computer,False
C18117,computer,False
C5258,computer,False
C26743,computer,False
C14311,computer,False
C16424,computer,False
C14025,computer,False
C17240,computer,False
C13859,computer,False
C9521,computer,False
C835,computer,False
C13218,computer,False
C1024,computer,False
C11134,computer,False
C754,computer,False
C10233,computer,False
C10003,computer,False
C2001,computer,False
C997,computer,False
C14032,computer,False
C1875,computer,False
C25614,computer,False
C3114,computer,False
C394,computer,False
C6050,computer,False
C24839,computer,False
C17464,computer,False
C13196,computer,False
C13342,computer,False
C1494,computer,False
C23392,computer,False
C23766,computer,False
C4005,computer,False
C705,computer,False
C24057,computer,False
C4869,computer,False
C10620,computer,False
C11883,computer,False
C12091,computer,False
C12443,computer,False
C12448,computer,False
C16191,computer,False
C17162,computer,False
C18161,computer,False
C20442,computer,False
C20651,computer,False
C21606,computer,False
C21762,computer,False
C22809,computer,False
C23116,computer,False
C23519,computer,False
C25787,computer,False
C6115,computer,False
C6363,computer,False
C6703,computer,False
C6949,computer,False
C7144,computer,False
C8741,computer,False
C12556,computer,False
C7194,computer,False
C7383,computer,False
C17867,computer,False
C19191,computer,False
C22020,computer,False
C2415,computer,False
C9673,computer,False
C20928,computer,False
C22492,computer,False
C6775,computer,False
C6400,computer,False
C278,computer,False
C8406,computer,False
C48,computer,False
C17448,computer,False
C18255,computer,False
C3171,computer,False
C16905,computer,False
C15710,computer,False
C15869,computer,False
C5826,computer,False
C275,computer,False
C13815,computer,False
C1054,computer,False
C23138,computer,False
C26631,computer,False
C14134,computer,False
C3179,computer,False
C6344,computer,False
C25296,computer,False
C9423,computer,False
C1463,computer,False
C15055,computer,False
C3204,computer,False
C14125,computer,False
C15187,computer,False
C3024,computer,False
C11039,computer,False
C8657,computer,False
C3252,computer,False
C15952,computer,False
C14375,computer,False
C10297,computer,False
C14647,computer,False
C10736,computer,False
C23681,computer,False
C463,computer,False
C5253,computer,False
C16737,computer,False
C902,computer,False
C3163,computer,False
C4738,computer,False
C8577,computer,False
C6754,computer,False
C16334,computer,False
C1231,computer,False
C15064,computer,False
C15114,computer,False
C10640,computer,False
C5929,computer,False
C2044,computer,False
C4915,computer,False
C17889,computer,False
C22588,computer,False
C8470,computer,False
C5715,computer,False
C3354,computer,False
C16124,computer,False
C19141,computer,False
C3734,computer,False
C3155,computer,False
C1211,computer,False
C16996,computer,False
C5751,computer,False
C16508,computer,False
C4316,computer,False
C17021,computer,False
C4753,computer,False
C581,computer,False
C13097,computer,False
C3662,computer,False
C9182,computer,False
C3518,computer,False
C10821,computer,False
C1418,computer,False
C1046,computer,False
C9820,computer,False
C8923,computer,False
C3589,computer,False
C3666,computer,False
C14411,computer,False
C6739,computer,False
C17299,computer,False
C628,computer,False
C2679,computer,False
C4096,computer,False
C3587,computer,False
C11733,computer,False
C5186,computer,False
C7904,computer,False
C10261,computer,False
C23769,computer,False
C9849,computer,False
C3329,computer,False
C4831,computer,False
C7554,computer,False
C12403,computer,False
C5808,computer,False
C5327,computer,False
C1384,computer,False
C1236,computer,False
C13134,computer,False
C11639,computer,False
C7601,computer,False
C2619,computer,False
C3235,computer,False
C12419,computer,False
C14271,computer,False
C2150,computer,False
C5880,computer,False
C4636,computer,False
C14637,computer,False
C614,computer,False
C12675,computer,False
C14370,computer,False
C13762,computer,False
C7343,computer,False
C4251,computer,False
C3334,computer,False
C739,computer,False
C16909,computer,False
C13433,computer,False
C8165,computer,False
C7850,computer,False
C8484,computer,False
C15552,computer,False
C4692,computer,False
C4100,computer,False
C6647,computer,False
C18263,computer,False
C15370,computer,False
C21893,computer,False
C9635,computer,False
C9589,computer,False
C9599,computer,False
C6071,computer,False
C5212,computer,False
C12406,computer,False
C13076,computer,False
C14527,computer,False
C13292,computer,False
C15944,computer,False
C3070,computer,False
C10249,computer,False
C13610,computer,False
C18228,computer,False
C3880,computer,False
C13254,computer,False
C133,computer,False
C14754,computer,False
C11539,computer,False
C12868,computer,False
C2972,computer,False
C8538,computer,False
C4874,computer,False
C2835,computer,False
C14777,computer,False
C4297,computer,False
C3097,computer,False
C4444,computer,False
C23098,computer,False
C9084,computer,False
C6005,computer,False
C11338,computer,False
C13911,computer,False
C15285,computer,False
C709,computer,False
C3701,computer,False
C11827,computer,False
C17219,computer,False
C12044,computer,False
C7753,computer,False
C7982,computer,False
C2022,computer,False
C15139,computer,False
C7687,computer,False
C16303,computer,False
C12959,computer,False
C19131,computer,False
C16864,computer,False
C10177,computer,False
C3405,computer,False
C1506,computer,False
C6725,computer,False
C13655,computer,False
C14323,computer,False
C14563,computer,False
C12212,computer,False
C14999,computer,False
C16126,computer,False
C952,computer,False
C12459,computer,False
C13546,computer,False
C15168,computer,False
C22245,computer,False
C3457,computer,False
C11604,computer,False
C1645,computer,False
C11238,computer,False
C7810,computer,False
C12360,computer,False
C8433,computer,False
C4864,computer,False
C13767,computer,False
C16510,computer,False
C11015,computer,False
C5588,computer,False
C3039,computer,False
C5921,computer,False
C2329,computer,False
C1663,computer,False
C16718,computer,False
C1878,computer,False
C1074,computer,False
C11027,computer,False
C1624,computer,False
C16676,computer,False
C2016,computer,False
C2821,computer,False
C9500,computer,False
C3496,computer,False
C5145,computer,False
C1866,computer,False
C13785,computer,False
C22399,computer,False
C12975,computer,False
C17566,computer,False
C4335,computer,False
C3148,computer,False
C17564,computer,False
C9103,computer,False
C5198,computer,False
C6485,computer,False
C15049,computer,False
C3451,computer,False
C393,computer,False
C11475,computer,False
C3515,computer,False
C12185,computer,False
C16541,computer,False
C11804,computer,False
C7592,computer,False
C12036,computer,False
C8238,computer,False
C2870,computer,False
C18184,computer,False
C6334,computer,False
C14282,computer,False
C6834,computer,False
C7562,computer,False
C3028,computer,False
C16640,computer,False
C5416,computer,False
C14962,computer,False
C13707,computer,False
C11803,computer,False
C1011,computer,False
C7071,computer,False
C11856,computer,False
C4405,computer,False
C13109,computer,False
C18222,computer,False
C1839,computer,False
C1341,computer,False
C17082,computer,False
C1382,computer,False
C12202,computer,False
C9840,computer,False
C3570,computer,False
C11576,computer,False
C16502,computer,False
C15617,computer,False
C244,computer,False
C1154,computer,False
C13960,computer,False
C14992,computer,False
C132,computer,False
C14397,computer,False
C17508,computer,False
C6587,computer,False
C3616,computer,False
C12222,computer,False
C2735,computer,False
C14494,computer,False
C1078,computer,False
C15529,computer,False
C24038,computer,False
C25440,computer,False
C1224,computer,False
C15498,computer,False
C15624,computer,False
C27,computer,False
C3534,computer,False
C8829,computer,False
C12365,computer,False
C10214,computer,False
C17083,computer,False
C3670,computer,False
C13380,computer,False
C17716,computer,False
C15556,computer,False
C3484,computer,False
C10265,computer,False
C1130,computer,False
C14809,computer,False
C4262,computer,False
C14975,computer,False
C12987,computer,False
C14068,computer,False
C3983,computer,False
C10874,computer,False
C17676,computer,False
C4363,computer,False
C10450,computer,False
C11163,computer,False
C2767,computer,False
C2117,computer,False
C7284,computer,False
C20215,computer,False
C3967,computer,False
C2836,computer,False
C1008,computer,False
C861,computer,False
C15513,computer,False
C23322,computer,False
C14341,computer,False
C10718,computer,False
C5281,computer,False
C1484,computer,False
C13937,computer,False
C5321,computer,False
C5320,computer,False
C26451,computer,False
C9696,computer,False
C11188,computer,False
C14987,computer,False
C12496,computer,False
C14360,computer,False
C5925,computer,False
C6100,computer,False
C4988,computer,False
C1005,computer,False
C14455,computer,False
C10728,computer,False
C15210,computer,False
C3801,computer,False
C12578,computer,False
C16180,computer,False
C1627,computer,False
C4104,computer,False
C12707,computer,False
C3025,computer,False
C5218,computer,False
C14280,computer,False
C5778,computer,False
C27121,computer,False
C16184,computer,False
C10607,computer,False
C14868,computer,False
C6292,computer,False
C14709,computer,False
C3068,computer,False
C12316,computer,False
C13948,computer,False
C16251,computer,False
C7525,computer,False
C11301,computer,False
C14657,computer,False
C12244,computer,False
C22794,computer,False
C5810,computer,False
C15166,computer,False
C10799,computer,False
C17649,computer,False
C978,computer,False
C16116,computer,False
C13974,computer,False
C4659,computer,False
C1867,computer,False
C14961,computer,False
C8734,computer,False
C792,computer,False
C441,computer,False
C12741,computer,False
C3753,computer,False
C3756,computer,False
C15015,computer,False
C20809,computer,False
C3605,computer,False
C9729,computer,False
C1100,computer,False
C22250,computer,False
C7089,computer,False
C7973,computer,False
C6859,computer,False
C8262,computer,False
C11174,computer,False
C13539,computer,False
C2945,computer,False
C25133,computer,False
C6314,computer,False
C13644,computer,False
C11637,computer,False
C16387,computer,False
C8367,computer,False
C4509,computer,False
C22335,computer,False
C3031,computer,False
C14832,computer,False
C11404,computer,False
C13123,computer,False
C8177,computer,False
C16045,computer,False
C15538,computer,False
C11210,computer,False
C595,computer,False
C13534,computer,False
C22967,computer,False
C5156,computer,False
C14599,computer,False
C16109,computer,False
C5211,computer,False
C3808,computer,False
C11000,computer,False
C11559,computer,False
C8153,computer,False
C11213,computer,False
C5225,computer,False
C16873,computer,False
C3863,computer,False
C17404,computer,False
C6379,computer,False
C13652,computer,False
C14510,computer,False
C4379,computer,False
C3914,computer,False
C15051,computer,False
C12913,computer,False
C11142,computer,False
C20067,computer,False
C26852,computer,False
C12158,computer,False
C12616,computer,False
C13408,computer,False
C13469,computer,False
C13775,computer,False
C14196,computer,False
